{"stats":{"minecraft:picked_up":{"minecraft:flint_and_steel":2,"minecraft:bone":1,"minecraft:wheat_seeds":1,"minecraft:azalea":1,"minecraft:moss_block":3,"minecraft:glow_berries":1,"minecraft:dirt":6},"minecraft:dropped":{"minecraft:flint_and_steel":1},"minecraft:mined":{"minecraft:short_grass":2,"minecraft:cave_vines":1,"minecraft:grass_block":3,"minecraft:dirt":3,"minecraft:fire":5,"minecraft:azalea":1,"minecraft:spruce_log":2,"minecraft:moss_block":3,"minecraft:cave_vines_plant":2},"minecraft:custom":{"minecraft:time_since_rest":2423,"minecraft:crouch_one_cm":46,"minecraft:play_time":20509,"minecraft:sprint_one_cm":9595,"minecraft:deaths":2,"minecraft:damage_taken":540,"minecraft:walk_one_cm":27801,"minecraft:sneak_time":240,"minecraft:walk_under_water_one_cm":1613,"minecraft:drop":1,"minecraft:jump":107,"minecraft:leave_game":2,"minecraft:walk_on_water_one_cm":4199,"minecraft:time_since_death":2334,"minecraft:climb_one_cm":776,"minecraft:total_world_time":20509,"minecraft:swim_one_cm":7031,"minecraft:fall_one_cm":4518,"minecraft:fly_one_cm":4501},"minecraft:used":{"minecraft:glow_berries":1,"minecraft:moss_block":3,"minecraft:azalea":1,"minecraft:dirt":5,"minecraft:flint_and_steel":4}},"DataVersion":3839}