{"stats":{"minecraft:killed_by":{"minecraft:zombie":4},"minecraft:used":{"minecraft:oak_fence":1,"minecraft:water_bucket":85,"minecraft:netherite_sword":45,"minecraft:enchanting_table":1,"minecraft:dark_oak_hanging_sign":1,"minecraft:red_concrete":684,"minecraft:lead":30,"minecraft:spruce_slab":32,"minecraft:oak_planks":2,"minecraft:poppy":1,"minecraft:suspicious_sand":4,"minecraft:iron_golem_spawn_egg":1,"minecraft:ender_pearl":1,"minecraft:spruce_planks":11,"minecraft:sandstone":117,"minecraft:beacon":65,"minecraft:player_head":1,"minecraft:torch":7,"minecraft:diamond_block":3,"minecraft:anvil":1,"minecraft:sand":310,"minecraft:blue_stained_glass":4,"minecraft:jungle_planks":9,"minecraft:diamond_helmet":1,"minecraft:white_bed":1,"minecraft:gray_concrete":1,"minecraft:black_concrete_powder":1,"minecraft:spruce_fence":877,"minecraft:blue_concrete":31,"minecraft:light_blue_stained_glass":12,"minecraft:spruce_log":151,"minecraft:redstone_torch":5,"minecraft:shroomlight":12,"minecraft:oak_log":12,"minecraft:glass":4,"minecraft:black_terracotta":334,"minecraft:blue_stained_glass_pane":9,"minecraft:wooden_axe":8,"minecraft:lever":4,"minecraft:piston":3,"minecraft:sea_lantern":146,"minecraft:black_concrete":111,"minecraft:netherite_shovel":3,"minecraft:bricks":28,"minecraft:villager_spawn_egg":7,"minecraft:lantern":109,"minecraft:spruce_wood":11,"minecraft:iron_block":217,"minecraft:grass_block":99,"minecraft:barrier":363,"minecraft:verdant_froglight":1,"minecraft:birch_hanging_sign":4,"minecraft:chicken_spawn_egg":18,"minecraft:dark_oak_wood":3,"minecraft:dark_oak_button":41,"minecraft:totem_of_undying":3,"minecraft:stone_bricks":5,"minecraft:spruce_hanging_sign":22,"minecraft:red_stained_glass_pane":63,"minecraft:glowstone":2,"minecraft:cobblestone":9,"minecraft:lime_concrete":9,"minecraft:oak_sapling":61,"minecraft:chain":21,"minecraft:ice":13,"minecraft:end_portal_frame":1,"minecraft:white_concrete":111,"minecraft:pearlescent_froglight":2,"minecraft:bone_meal":94},"minecraft:custom":{"minecraft:interact_with_anvil":16,"minecraft:mob_kills":26,"minecraft:leave_game":53,"minecraft:time_since_death":1098117,"minecraft:time_since_rest":1098483,"minecraft:sprint_one_cm":58290,"minecraft:damage_absorbed":176,"minecraft:damage_taken":1595,"minecraft:walk_one_cm":132418,"minecraft:drop":60,"minecraft:damage_dealt":2886,"minecraft:interact_with_beacon":15,"minecraft:swim_one_cm":3044,"minecraft:fly_one_cm":5708364,"minecraft:crouch_one_cm":387,"minecraft:play_time":1149736,"minecraft:deaths":4,"minecraft:sneak_time":1238,"minecraft:walk_under_water_one_cm":157264,"minecraft:jump":439,"minecraft:walk_on_water_one_cm":72290,"minecraft:enchant_item":14,"minecraft:total_world_time":1149736,"minecraft:fall_one_cm":3109},"minecraft:picked_up":{"minecraft:iron_chestplate":2,"minecraft:barrier":1,"minecraft:feather":8,"minecraft:chicken":13,"minecraft:water_bucket":1,"minecraft:leather":2,"minecraft:lead":14,"minecraft:diamond_sword":1,"minecraft:red_mushroom":2,"minecraft:enchanted_book":18,"minecraft:oak_log":128,"minecraft:gunpowder":3,"minecraft:string":4,"minecraft:dirt":2,"minecraft:lantern":18,"minecraft:iron_leggings":1,"minecraft:leather_boots":1,"minecraft:glass":128,"minecraft:bone":1,"minecraft:stone_bricks":385,"minecraft:kelp":28,"minecraft:bow":2,"minecraft:diamond_leggings":1,"minecraft:wheat_seeds":1,"minecraft:stone_pickaxe":2,"minecraft:player_head":1,"minecraft:poppy":1,"minecraft:oak_fence":64,"minecraft:torch":128,"minecraft:spruce_fence":64,"minecraft:sand":16,"minecraft:white_bed":5,"minecraft:spruce_door":1,"minecraft:leather_helmet":2,"minecraft:rotten_flesh":7,"minecraft:stone_sword":1,"minecraft:pumpkin_seeds":4,"minecraft:arrow":123,"minecraft:diamond_chestplate":2,"minecraft:stone_axe":2,"minecraft:golden_apple":24,"minecraft:totem_of_undying":1,"minecraft:melon_seeds":1,"minecraft:bricks":64,"minecraft:iron_bars":40,"minecraft:ender_pearl":1},"minecraft:killed":{"minecraft:wandering_trader":1,"minecraft:creeper":4,"minecraft:skeleton":1,"minecraft:trader_llama":2,"minecraft:zombie":1,"minecraft:chicken":15,"minecraft:enderman":1},"minecraft:dropped":{"minecraft:enchanted_book":13,"minecraft:water_bucket":1,"minecraft:bricks":64,"minecraft:stone_axe":2,"minecraft:oak_log":128,"minecraft:stone_sword":1,"minecraft:diamond_leggings":1,"minecraft:oak_fence":64,"minecraft:white_bed":5,"minecraft:spruce_fence":64,"minecraft:leather_helmet":1,"minecraft:golden_apple":24,"minecraft:red_stained_glass_pane":64,"minecraft:diamond_sword":1,"minecraft:diamond_chestplate":2,"minecraft:torch":128,"minecraft:iron_chestplate":1,"minecraft:leather_boots":1,"minecraft:diamond_helmet":1,"minecraft:stone_bricks":384,"minecraft:iron_leggings":1,"minecraft:iron_bars":80,"minecraft:bow":2,"minecraft:arrow":122,"minecraft:glass":128,"minecraft:stone_pickaxe":2,"minecraft:string":4}},"DataVersion":3839}