{"stats":{"minecraft:dropped":{"minecraft:iron_helmet":1,"minecraft:iron_leggings":2,"minecraft:stone_bricks":192,"minecraft:bricks":64,"minecraft:iron_sword":1,"minecraft:stone_axe":1,"minecraft:enchanted_golden_apple":16,"minecraft:diamond_boots":1,"minecraft:iron_axe":1,"minecraft:arrow":256,"minecraft:bow":2,"minecraft:glass":192,"minecraft:stone_pickaxe":1,"minecraft:iron_pickaxe":1,"minecraft:oak_log":256,"minecraft:diamond_chestplate":1,"minecraft:stone_sword":1,"minecraft:torch":128,"minecraft:iron_shovel":1,"minecraft:white_bed":1,"minecraft:iron_chestplate":1,"minecraft:birch_log":192,"minecraft:quartz_block":64,"minecraft:leather_boots":1,"minecraft:leather_helmet":1,"minecraft:golden_apple":12,"minecraft:light_gray_stained_glass":128},"minecraft:used":{"minecraft:iron_chestplate":1,"minecraft:leather_helmet":1,"minecraft:iron_leggings":1,"minecraft:leather_boots":1},"minecraft:custom":{"minecraft:time_since_rest":7201,"minecraft:damage_taken":320,"minecraft:play_time":27304,"minecraft:walk_one_cm":6421,"minecraft:sprint_one_cm":32319,"minecraft:deaths":1,"minecraft:interact_with_anvil":1,"minecraft:drop":43,"minecraft:jump":32,"minecraft:leave_game":2,"minecraft:time_since_death":3976,"minecraft:total_world_time":27304,"minecraft:fall_one_cm":1113,"minecraft:fly_one_cm":3409},"minecraft:killed_by":{"minecraft:witch":1}},"DataVersion":3839}