{"stats":{"minecraft:mined":{"minecraft:grass_block":2,"minecraft:dirt":2},"minecraft:used":{"minecraft:dirt":4},"minecraft:picked_up":{"minecraft:dirt":4},"minecraft:custom":{"minecraft:jump":21,"minecraft:time_since_rest":3953,"minecraft:leave_game":1,"minecraft:walk_on_water_one_cm":122,"minecraft:sprint_one_cm":2750,"minecraft:play_time":3953,"minecraft:damage_taken":90,"minecraft:time_since_death":3953,"minecraft:walk_one_cm":1331,"minecraft:total_world_time":3953,"minecraft:walk_under_water_one_cm":29,"minecraft:swim_one_cm":5845,"minecraft:fall_one_cm":569,"minecraft:fly_one_cm":1546}},"DataVersion":3839}