{"stats":{"minecraft:dropped":{"minecraft:water_bucket":1,"minecraft:enchanted_book":13,"minecraft:oak_log":128,"minecraft:diamond_leggings":2,"minecraft:oak_fence":64,"minecraft:leather_helmet":1,"minecraft:golden_apple":24,"minecraft:music_disc_13":2,"minecraft:torch":128,"minecraft:diamond_helmet":2,"minecraft:iron_leggings":1,"minecraft:string":4,"minecraft:bricks":64,"minecraft:stone_axe":2,"minecraft:stone_sword":1,"minecraft:white_bed":5,"minecraft:spruce_fence":128,"minecraft:red_stained_glass_pane":64,"minecraft:diamond_sword":2,"minecraft:tipped_arrow":60,"minecraft:diamond_chestplate":3,"minecraft:iron_chestplate":1,"minecraft:leather_boots":1,"minecraft:stone_bricks":384,"minecraft:diamond_boots":1,"minecraft:iron_bars":80,"minecraft:arrow":122,"minecraft:bow":3,"minecraft:glass":128,"minecraft:stone_pickaxe":2,"minecraft:music_disc_mellohi":1},"minecraft:mined":{"minecraft:glass":25},"minecraft:killed":{"minecraft:skeleton":1,"minecraft:chicken":15,"minecraft:wandering_trader":1,"minecraft:creeper":4,"minecraft:trader_llama":2,"minecraft:zombie":1,"minecraft:enderman":1},"minecraft:custom":{"minecraft:mob_kills":26,"minecraft:interact_with_anvil":16,"minecraft:leave_game":54,"minecraft:time_since_death":13948,"minecraft:damage_resisted":399,"minecraft:sprint_one_cm":75657,"minecraft:walk_one_cm":168530,"minecraft:drop":71,"minecraft:damage_dealt_absorbed":41,"minecraft:play_time":1252538,"minecraft:deaths":6,"minecraft:sneak_time":1242,"minecraft:walk_under_water_one_cm":157264,"minecraft:jump":521,"minecraft:walk_on_water_one_cm":72480,"minecraft:enchant_item":14,"minecraft:total_world_time":1252538,"minecraft:play_record":6,"minecraft:tune_noteblock":22,"minecraft:time_since_rest":14003,"minecraft:damage_taken":4701,"minecraft:damage_absorbed":407,"minecraft:damage_dealt":3020,"minecraft:interact_with_beacon":15,"minecraft:swim_one_cm":3044,"minecraft:fly_one_cm":5930787,"minecraft:crouch_one_cm":387,"minecraft:fall_one_cm":42644},"minecraft:used":{"minecraft:oak_fence":1,"minecraft:netherite_sword":45,"minecraft:enchanting_table":1,"minecraft:red_concrete":741,"minecraft:spruce_slab":32,"minecraft:suspicious_sand":4,"minecraft:poppy":1,"minecraft:spruce_planks":15,"minecraft:player_head":1,"minecraft:torch":7,"minecraft:anvil":1,"minecraft:blue_stained_glass":4,"minecraft:jungle_planks":9,"minecraft:diamond_helmet":2,"minecraft:light_blue_stained_glass":12,"minecraft:spruce_fence":901,"minecraft:music_disc_13":2,"minecraft:blue_concrete":47,"minecraft:music_disc_relic":2,"minecraft:shroomlight":12,"minecraft:glass":17,"minecraft:wooden_axe":8,"minecraft:sea_lantern":146,"minecraft:netherite_shovel":3,"minecraft:bricks":28,"minecraft:villager_spawn_egg":7,"minecraft:music_disc_pigstep":2,"minecraft:iron_block":217,"minecraft:spruce_wood":11,"minecraft:lantern":109,"minecraft:grass_block":99,"minecraft:birch_hanging_sign":4,"minecraft:chicken_spawn_egg":18,"minecraft:dark_oak_wood":3,"minecraft:dark_oak_button":41,"minecraft:totem_of_undying":3,"minecraft:stone_bricks":5,"minecraft:spruce_hanging_sign":30,"minecraft:diamond_chestplate":1,"minecraft:glowstone":2,"minecraft:red_stained_glass_pane":63,"minecraft:lime_concrete":9,"minecraft:bow":12,"minecraft:oak_sapling":61,"minecraft:pearlescent_froglight":2,"minecraft:enchanted_golden_apple":4,"minecraft:water_bucket":85,"minecraft:diamond_boots":1,"minecraft:dark_oak_hanging_sign":1,"minecraft:lead":30,"minecraft:oak_planks":3,"minecraft:ender_pearl":2,"minecraft:iron_golem_spawn_egg":1,"minecraft:sandstone":117,"minecraft:redstone_block":5,"minecraft:beacon":65,"minecraft:diamond_axe":12,"minecraft:oak_leaves":326,"minecraft:diamond_block":3,"minecraft:sand":310,"minecraft:white_bed":1,"minecraft:gray_concrete":1,"minecraft:black_concrete_powder":1,"minecraft:spruce_log":151,"minecraft:redstone_torch":5,"minecraft:oak_log":12,"minecraft:black_terracotta":334,"minecraft:blue_stained_glass_pane":9,"minecraft:piston":3,"minecraft:lever":4,"minecraft:black_concrete":226,"minecraft:barrier":538,"minecraft:verdant_froglight":1,"minecraft:diamond_sword":1,"minecraft:cobblestone":9,"minecraft:chain":28,"minecraft:ice":13,"minecraft:end_portal_frame":1,"minecraft:white_concrete":175,"minecraft:bone_meal":94,"minecraft:diamond_leggings":1},"minecraft:picked_up":{"minecraft:iron_chestplate":2,"minecraft:chicken":13,"minecraft:lead":14,"minecraft:diamond_sword":2,"minecraft:gold_block":8,"minecraft:enchanted_book":18,"minecraft:string":4,"minecraft:iron_leggings":1,"minecraft:diamond_leggings":2,"minecraft:player_head":1,"minecraft:coal_block":16,"minecraft:poppy":1,"minecraft:enchanted_golden_apple":30,"minecraft:tipped_arrow":63,"minecraft:oak_fence":64,"minecraft:torch":128,"minecraft:spruce_fence":64,"minecraft:music_disc_pigstep":2,"minecraft:diamond_chestplate":3,"minecraft:stone_sword":1,"minecraft:arrow":123,"minecraft:rotten_flesh":7,"minecraft:diamond_boots":1,"minecraft:totem_of_undying":3,"minecraft:iron_bars":40,"minecraft:barrier":1,"minecraft:feather":8,"minecraft:water_bucket":1,"minecraft:leather":2,"minecraft:red_mushroom":2,"minecraft:oak_log":128,"minecraft:gunpowder":3,"minecraft:dirt":2,"minecraft:lantern":18,"minecraft:leather_boots":1,"minecraft:glass":128,"minecraft:bone":1,"minecraft:stone_bricks":385,"minecraft:kelp":28,"minecraft:bow":3,"minecraft:wheat_seeds":1,"minecraft:stone_pickaxe":2,"minecraft:diamond_helmet":1,"minecraft:music_disc_13":3,"minecraft:sand":16,"minecraft:white_bed":5,"minecraft:diamond_block":8,"minecraft:sea_lantern":64,"minecraft:spruce_door":1,"minecraft:leather_helmet":2,"minecraft:diamond_shovel":1,"minecraft:pumpkin_seeds":4,"minecraft:black_concrete":64,"minecraft:stone_axe":2,"minecraft:diamond_axe":1,"minecraft:white_concrete":64,"minecraft:golden_apple":24,"minecraft:red_concrete":64,"minecraft:melon_seeds":1,"minecraft:bricks":64,"minecraft:diamond_pickaxe":1,"minecraft:ender_pearl":17},"minecraft:killed_by":{"minecraft:zombie":4}},"DataVersion":3839}