{"stats":{"minecraft:dropped":{"minecraft:enchanted_book":13,"minecraft:bricks":64,"minecraft:stone_axe":2,"minecraft:oak_log":128,"minecraft:stone_sword":1,"minecraft:diamond_leggings":1,"minecraft:white_bed":5,"minecraft:leather_helmet":1,"minecraft:golden_apple":24,"minecraft:diamond_sword":1,"minecraft:diamond_chestplate":2,"minecraft:torch":128,"minecraft:iron_chestplate":1,"minecraft:leather_boots":1,"minecraft:diamond_helmet":1,"minecraft:iron_leggings":1,"minecraft:stone_bricks":384,"minecraft:iron_bars":80,"minecraft:arrow":122,"minecraft:bow":2,"minecraft:glass":128,"minecraft:stone_pickaxe":2,"minecraft:string":4},"minecraft:custom":{"minecraft:interact_with_anvil":16,"minecraft:mob_kills":3,"minecraft:leave_game":49,"minecraft:time_since_death":737368,"minecraft:time_since_rest":737734,"minecraft:sprint_one_cm":36188,"minecraft:walk_one_cm":82418,"minecraft:damage_taken":1595,"minecraft:damage_absorbed":176,"minecraft:drop":56,"minecraft:damage_dealt":815,"minecraft:interact_with_beacon":1,"minecraft:fly_one_cm":4216463,"minecraft:play_time":788987,"minecraft:deaths":4,"minecraft:sneak_time":44,"minecraft:walk_under_water_one_cm":36660,"minecraft:jump":360,"minecraft:walk_on_water_one_cm":31215,"minecraft:enchant_item":14,"minecraft:total_world_time":788987,"minecraft:fall_one_cm":3109},"minecraft:used":{"minecraft:enchanting_table":1,"minecraft:red_concrete":568,"minecraft:suspicious_sand":4,"minecraft:iron_golem_spawn_egg":1,"minecraft:ender_pearl":1,"minecraft:spruce_planks":11,"minecraft:beacon":10,"minecraft:torch":7,"minecraft:diamond_block":3,"minecraft:sand":17,"minecraft:anvil":1,"minecraft:jungle_planks":9,"minecraft:diamond_helmet":1,"minecraft:white_bed":1,"minecraft:black_concrete_powder":1,"minecraft:blue_concrete":31,"minecraft:light_blue_stained_glass":12,"minecraft:black_terracotta":167,"minecraft:glass":4,"minecraft:wooden_axe":4,"minecraft:sea_lantern":145,"minecraft:black_concrete":110,"minecraft:villager_spawn_egg":7,"minecraft:grass_block":75,"minecraft:barrier":363,"minecraft:dark_oak_button":41,"minecraft:totem_of_undying":3,"minecraft:stone_bricks":5,"minecraft:cobblestone":9,"minecraft:glowstone":2,"minecraft:lime_concrete":9,"minecraft:oak_sapling":61,"minecraft:end_portal_frame":1,"minecraft:white_concrete":111,"minecraft:bone_meal":94},"minecraft:killed":{"minecraft:skeleton":1,"minecraft:enderman":1},"minecraft:killed_by":{"minecraft:zombie":4},"minecraft:picked_up":{"minecraft:iron_chestplate":2,"minecraft:diamond_sword":1,"minecraft:enchanted_book":18,"minecraft:oak_log":128,"minecraft:dirt":2,"minecraft:string":4,"minecraft:iron_leggings":1,"minecraft:leather_boots":1,"minecraft:glass":128,"minecraft:stone_bricks":385,"minecraft:bow":2,"minecraft:diamond_leggings":1,"minecraft:stone_pickaxe":2,"minecraft:torch":128,"minecraft:sand":8,"minecraft:white_bed":5,"minecraft:spruce_door":1,"minecraft:leather_helmet":2,"minecraft:diamond_chestplate":2,"minecraft:stone_sword":1,"minecraft:arrow":123,"minecraft:rotten_flesh":4,"minecraft:stone_axe":2,"minecraft:golden_apple":24,"minecraft:totem_of_undying":1,"minecraft:bricks":64,"minecraft:iron_bars":40,"minecraft:ender_pearl":1}},"DataVersion":3839}