{"stats":{"minecraft:picked_up":{"minecraft:flint_and_steel":3,"minecraft:bone":6,"minecraft:glow_berries":1,"minecraft:dirt":2},"minecraft:dropped":{"minecraft:flint_and_steel":3,"minecraft:bone":17},"minecraft:mined":{"minecraft:cave_vines":3,"minecraft:grass_block":1,"minecraft:spruce_leaves":6},"minecraft:custom":{"minecraft:time_since_rest":2674,"minecraft:deaths":2,"minecraft:crouch_one_cm":136,"minecraft:play_time":40404,"minecraft:sprint_one_cm":3434,"minecraft:damage_taken":680,"minecraft:walk_one_cm":30816,"minecraft:sneak_time":474,"minecraft:walk_under_water_one_cm":587,"minecraft:drop":20,"minecraft:jump":135,"minecraft:leave_game":3,"minecraft:walk_on_water_one_cm":6348,"minecraft:time_since_death":2644,"minecraft:climb_one_cm":974,"minecraft:total_world_time":40404,"minecraft:fly_one_cm":27833,"minecraft:fall_one_cm":5914},"minecraft:used":{"minecraft:glow_berries":1,"minecraft:torch":1,"minecraft:dirt":2}},"DataVersion":3839}