{"stats":{"minecraft:dropped":{"minecraft:red_concrete":1,"minecraft:player_head":1,"minecraft:stone_sword":1,"minecraft:barrier":1,"minecraft:diamond_shovel":1,"minecraft:spruce_door":2,"minecraft:spruce_fence":99,"minecraft:grass_block":1,"minecraft:music_disc_13":2,"minecraft:diamond_sword":7,"minecraft:wooden_sword":5,"minecraft:music_disc_mellohi":1},"minecraft:killed":{"minecraft:spider":1,"minecraft:creeper":11,"minecraft:skeleton":4,"minecraft:zombie":2,"minecraft:chicken":14},"minecraft:custom":{"minecraft:mob_kills":32,"minecraft:leave_game":38,"minecraft:time_since_death":875811,"minecraft:time_since_rest":875811,"minecraft:sprint_one_cm":160813,"minecraft:walk_one_cm":650270,"minecraft:drop":59,"minecraft:damage_dealt":2369,"minecraft:fly_one_cm":5466718,"minecraft:crouch_one_cm":6291,"minecraft:play_time":875811,"minecraft:sneak_time":9810,"minecraft:walk_under_water_one_cm":57483,"minecraft:aviate_one_cm":1157376,"minecraft:jump":1499,"minecraft:walk_on_water_one_cm":94158,"minecraft:total_world_time":875811,"minecraft:fall_one_cm":418},"minecraft:used":{"minecraft:oak_fence":17,"minecraft:diorite":43,"minecraft:diamond_boots":1,"minecraft:red_concrete":1119,"minecraft:lead":52,"minecraft:spruce_slab":13,"minecraft:oak_planks":1,"minecraft:spruce_planks":49,"minecraft:sandstone":31,"minecraft:stone":282,"minecraft:clay":1,"minecraft:player_head":2,"minecraft:structure_block":25,"minecraft:oak_leaves":20,"minecraft:dirt":201,"minecraft:sand":29,"minecraft:spruce_stairs":7,"minecraft:diamond_helmet":1,"minecraft:spruce_fence":153,"minecraft:blue_concrete":81,"minecraft:spruce_log":2,"minecraft:gray_terracotta":2,"minecraft:glass":17,"minecraft:stone_brick_slab":24,"minecraft:sea_lantern":136,"minecraft:black_concrete":126,"minecraft:firework_rocket":87,"minecraft:lantern":8,"minecraft:grass_block":128,"minecraft:barrier":165,"minecraft:brown_wool":4,"minecraft:chicken_spawn_egg":16,"minecraft:stone_bricks":133,"minecraft:spruce_hanging_sign":1,"minecraft:diamond_chestplate":1,"minecraft:diamond_sword":30,"minecraft:wooden_sword":9,"minecraft:lime_concrete":123,"minecraft:bow":31,"minecraft:egg":1,"minecraft:white_concrete":11,"minecraft:dandelion":9,"minecraft:diamond_leggings":1,"minecraft:gray_stained_glass":3},"minecraft:picked_up":{"minecraft:feather":16,"minecraft:chicken":13,"minecraft:lead":16,"minecraft:diamond_sword":6,"minecraft:gunpowder":16,"minecraft:string":2,"minecraft:wooden_sword":5,"minecraft:bone":11,"minecraft:wheat_seeds":6,"minecraft:egg":2,"minecraft:stick":1,"minecraft:music_disc_13":2,"minecraft:music_disc_mellohi":1,"minecraft:dandelion":1,"minecraft:spruce_fence":99,"minecraft:grass_block":1,"minecraft:spruce_door":1,"minecraft:diamond_shovel":1,"minecraft:stone_sword":1,"minecraft:rotten_flesh":5,"minecraft:arrow":7,"minecraft:armadillo_scute":1,"minecraft:oak_sapling":4}},"DataVersion":3839}