{"stats":{"minecraft:used":{"minecraft:oak_fence":17,"minecraft:gray_terracotta":2,"minecraft:stone_brick_slab":24,"minecraft:diorite":43,"minecraft:sea_lantern":136,"minecraft:black_concrete":126,"minecraft:firework_rocket":87,"minecraft:lantern":8,"minecraft:red_concrete":1119,"minecraft:grass_block":128,"minecraft:lead":52,"minecraft:spruce_slab":13,"minecraft:barrier":27,"minecraft:brown_wool":4,"minecraft:oak_planks":1,"minecraft:chicken_spawn_egg":16,"minecraft:spruce_planks":49,"minecraft:sandstone":31,"minecraft:stone":282,"minecraft:clay":1,"minecraft:player_head":2,"minecraft:structure_block":25,"minecraft:stone_bricks":133,"minecraft:spruce_hanging_sign":1,"minecraft:wooden_sword":9,"minecraft:diamond_sword":30,"minecraft:dirt":201,"minecraft:sand":29,"minecraft:lime_concrete":123,"minecraft:bow":31,"minecraft:spruce_stairs":7,"minecraft:egg":1,"minecraft:white_concrete":11,"minecraft:spruce_fence":153,"minecraft:dandelion":9,"minecraft:blue_concrete":81,"minecraft:spruce_log":2,"minecraft:gray_stained_glass":3},"minecraft:picked_up":{"minecraft:feather":16,"minecraft:chicken":13,"minecraft:diamond_sword":6,"minecraft:lead":16,"minecraft:dandelion":1,"minecraft:grass_block":1,"minecraft:gunpowder":16,"minecraft:spruce_door":1,"minecraft:string":2,"minecraft:wooden_sword":5,"minecraft:diamond_shovel":1,"minecraft:arrow":7,"minecraft:bone":11,"minecraft:rotten_flesh":5,"minecraft:wheat_seeds":6,"minecraft:armadillo_scute":1,"minecraft:egg":2},"minecraft:custom":{"minecraft:time_since_rest":802740,"minecraft:sprint_one_cm":146189,"minecraft:walk_one_cm":566924,"minecraft:mob_kills":32,"minecraft:drop":18,"minecraft:damage_dealt":2369,"minecraft:fly_one_cm":5230460,"minecraft:crouch_one_cm":4579,"minecraft:play_time":802740,"minecraft:sneak_time":9017,"minecraft:walk_under_water_one_cm":57483,"minecraft:aviate_one_cm":1157376,"minecraft:jump":1409,"minecraft:leave_game":37,"minecraft:time_since_death":802740,"minecraft:walk_on_water_one_cm":94158,"minecraft:total_world_time":802740,"minecraft:fall_one_cm":418},"minecraft:killed":{"minecraft:skeleton":4,"minecraft:zombie":2,"minecraft:chicken":14,"minecraft:spider":1,"minecraft:creeper":11},"minecraft:dropped":{"minecraft:diamond_sword":6,"minecraft:red_concrete":1,"minecraft:player_head":1,"minecraft:barrier":1,"minecraft:wooden_sword":5,"minecraft:diamond_shovel":1,"minecraft:spruce_door":2,"minecraft:grass_block":1}},"DataVersion":3839}