{"stats":{"minecraft:custom":{"minecraft:time_since_rest":614092,"minecraft:sprint_one_cm":91809,"minecraft:walk_one_cm":251411,"minecraft:drop":8,"minecraft:damage_dealt":16,"minecraft:fly_one_cm":3755987,"minecraft:crouch_one_cm":1738,"minecraft:play_time":614092,"minecraft:sneak_time":5741,"minecraft:walk_under_water_one_cm":38209,"minecraft:jump":827,"minecraft:leave_game":32,"minecraft:walk_on_water_one_cm":90434,"minecraft:time_since_death":614092,"minecraft:total_world_time":614092,"minecraft:fall_one_cm":418},"minecraft:picked_up":{"minecraft:dandelion":1,"minecraft:grass_block":1,"minecraft:spruce_door":1,"minecraft:wooden_sword":4,"minecraft:diamond_shovel":1,"minecraft:bone":7,"minecraft:arrow":3,"minecraft:rotten_flesh":1,"minecraft:wheat_seeds":6,"minecraft:armadillo_scute":1},"minecraft:dropped":{"minecraft:wooden_sword":4,"minecraft:diamond_shovel":1,"minecraft:spruce_door":2,"minecraft:grass_block":1},"minecraft:used":{"minecraft:gray_terracotta":2,"minecraft:diorite":43,"minecraft:sea_lantern":136,"minecraft:black_concrete":126,"minecraft:grass_block":69,"minecraft:red_concrete":1119,"minecraft:brown_wool":4,"minecraft:spruce_planks":36,"minecraft:sandstone":31,"minecraft:stone":282,"minecraft:clay":1,"minecraft:structure_block":25,"minecraft:dirt":201,"minecraft:lime_concrete":123,"minecraft:spruce_stairs":7,"minecraft:white_concrete":11,"minecraft:dandelion":9,"minecraft:blue_concrete":81,"minecraft:spruce_log":1,"minecraft:gray_stained_glass":3}},"DataVersion":3839}