{"stats":{"minecraft:dropped":{"minecraft:flint_and_steel":2},"minecraft:picked_up":{"minecraft:flint_and_steel":2},"minecraft:custom":{"minecraft:jump":27,"minecraft:time_since_rest":22033,"minecraft:walk_on_water_one_cm":399,"minecraft:sprint_one_cm":637,"minecraft:leave_game":2,"minecraft:play_time":22033,"minecraft:damage_taken":130,"minecraft:time_since_death":22033,"minecraft:walk_one_cm":4096,"minecraft:total_world_time":22033,"minecraft:walk_under_water_one_cm":198,"minecraft:drop":2,"minecraft:fall_one_cm":1499,"minecraft:fly_one_cm":4242}},"DataVersion":3839}