{"stats":{"minecraft:dropped":{"minecraft:diamond_sword":1,"minecraft:music_disc_mellohi":1,"minecraft:stone_sword":1,"minecraft:spruce_fence":64,"minecraft:music_disc_13":2},"minecraft:mined":{"minecraft:oak_log":1,"minecraft:kelp_plant":2,"minecraft:glass":59,"minecraft:oak_leaves":50},"minecraft:custom":{"minecraft:damage_absorbed":41,"minecraft:time_since_rest":35406,"minecraft:crouch_one_cm":444,"minecraft:play_time":76634,"minecraft:sprint_one_cm":148327,"minecraft:deaths":55,"minecraft:damage_taken":83696,"minecraft:walk_one_cm":108559,"minecraft:sneak_time":468,"minecraft:walk_under_water_one_cm":4308,"minecraft:drop":6,"minecraft:jump":1013,"minecraft:damage_dealt":0,"minecraft:leave_game":3,"minecraft:walk_on_water_one_cm":1727,"minecraft:time_since_death":35375,"minecraft:total_world_time":76634,"minecraft:damage_dealt_absorbed":71,"minecraft:swim_one_cm":12608,"minecraft:fall_one_cm":849862,"minecraft:fly_one_cm":320826},"minecraft:used":{"minecraft:oak_log":1,"minecraft:golden_apple":4,"minecraft:stone_axe":1,"minecraft:diamond_sword":14,"minecraft:bow":11},"minecraft:picked_up":{"minecraft:stone_sword":1,"minecraft:diamond_chestplate":1,"minecraft:music_disc_13":4,"minecraft:bow":1,"minecraft:diamond_leggings":1,"minecraft:music_disc_mellohi":2,"minecraft:diamond_sword":2,"minecraft:diamond_boots":1,"minecraft:spruce_fence":128,"minecraft:oak_log":1,"minecraft:diamond_helmet":1,"minecraft:oak_sapling":1,"minecraft:tipped_arrow":60}},"DataVersion":3839}